,baseMean,log2FoldChange,lfcSE,stat,pvalue,padj,miRNA,Rank
hsa-mir-551a_hsa-miR-551a,6.94367478,0.500968062,0.312156828,1.604860175,0.10852458,0.15983382,hsa-miR-551a,0.398936559
hsa-mir-34a_hsa-miR-34a-5p,131.0340773,0.706589341,0.29096143,2.428463943,0.015162933,0.028422294,hsa-miR-34a-5p,1.092627979
hsa-mir-1290_hsa-miR-1290,32.13615426,-4.523083478,0.400297751,-11.29929776,1.32271461739647e-29,1.90911809777557e-27,hsa-miR-1290,-120.8530237
hsa-mir-378f_hsa-miR-378f,3.298431221,0.45679973,0.326821123,1.397705651,0.162201477,0.231792869,hsa-miR-378f,0.290022116
hsa-mir-1976_hsa-miR-1976,7.468230855,-0.662212785,0.299117984,-2.213884891,0.026836698,0.04685601,hsa-miR-1976,-0.880236212
hsa-mir-30e_hsa-miR-30e-5p,162.0845501,0.186231883,0.246963947,0.754085303,0.450798002,0.548302064,hsa-miR-30e-5p,0.048602819
hsa-mir-30e_hsa-miR-30e-3p,2.952973851,-0.648967682,0.317266188,-2.045499039,0.040805684,0.067696786,hsa-miR-30e-3p,-0.758923543
hsa-mir-30c-1_hsa-miR-30c-5p,61.71454842,-0.640142807,0.274897835,-2.328657146,0.019877236,0.035832273,hsa-miR-30c-5p,-0.925470871
hsa-mir-6734_hsa-miR-6734-5p,8.923574841,-1.944581416,0.40695855,-4.778327956,1.76758912295393e-06,8.22974290579626e-06,hsa-miR-6734-5p,-9.887445369
hsa-mir-1273f_hsa-miR-1273f,3.467766392,-0.57700052,0.37829966,-1.525247261,0.127197437,0.1835883,hsa-miR-1273f,-0.424761818
hsa-mir-1273g_hsa-miR-1273g-3p,4.176145693,-0.98609296,0.371065814,-2.65746108,0.007873168,0.016311396,hsa-miR-1273g-3p,-1.76264991
hsa-mir-101-1_hsa-miR-101-5p,15.1262304,0.11272595,0.268513728,0.419814477,0.674620988,0.74708667,hsa-miR-101-5p,0.014274376
hsa-mir-101-1_hsa-miR-101-3p,447.2879672,0.271917868,0.35520139,0.765531542,0.443955092,0.541500154,hsa-miR-101-3p,0.072439305
hsa-mir-186_hsa-miR-186-5p,572.8056982,0.944481238,0.25924912,3.643141539,0.000269331,0.000815526,hsa-miR-186-5p,2.91708922
hsa-mir-186_hsa-miR-186-3p,3.893595153,1.034002226,0.300851105,3.436923478,0.000588362,0.001612409,hsa-miR-186-3p,2.887476777
hsa-mir-760_hsa-miR-760,53.84353467,-4.695911427,0.48788323,-9.625072429,6.26627627651061e-22,3.87613946818442e-20,hsa-miR-760,-91.15515709
hsa-mir-378g_hsa-miR-378g,2.154147359,0.063276991,0.380596325,0.166257492,0.867954317,0.903423604,hsa-miR-378g,0.002791057
hsa-mir-197_hsa-miR-197-3p,199.8996819,-1.209867854,0.266445271,-4.540774355,5.60479919969146e-06,2.47640617700653e-05,hsa-miR-197-3p,-5.572866837
hsa-mir-320b-1_hsa-miR-320b,88.7322193,-2.200040419,0.316014215,-6.961840041,3.35856733279867e-12,4.4068474397025e-11,hsa-miR-320b,-22.78333694
hsa-mir-942_hsa-miR-942-5p,10.4598479,-0.442022644,0.253836248,-1.741369275,0.08161887,0.124440038,hsa-miR-942-5p,-0.400048114
hsa-mir-92b_hsa-miR-92b-5p,4.533266221,-1.340955436,0.356979571,-3.756392649,0.00017238,0.000552893,hsa-miR-92b-5p,-4.367972697
hsa-mir-92b_hsa-miR-92b-3p,3.777394999,0.238990285,0.279408451,0.855343795,0.392360849,0.493872813,hsa-miR-92b-3p,0.07322301
hsa-mir-214_hsa-miR-214-5p,4.416180163,-0.072719089,0.298855735,-0.24332506,0.807753593,0.861471196,hsa-miR-214-5p,-0.004709233
hsa-mir-214_hsa-miR-214-3p,52.18165957,-2.074695821,0.301408456,-6.883336482,5.8466703071507e-12,7.4459065970478e-11,hsa-miR-214-3p,-21.01269026
hsa-mir-199a-2_hsa-miR-199a-5p,13.50844051,0.812991426,0.262554299,3.096469673,0.001958399,0.004790886,hsa-miR-199a-5p,1.885802071
hsa-mir-199a-2_hsa-miR-199a-3p,12.07807489,-0.564651138,0.292483395,-1.930540835,0.053539861,0.085862073,hsa-miR-199a-3p,-0.60203027
hsa-mir-181b-1_hsa-miR-181b-5p,18.68649515,-0.672407743,0.213254705,-3.153073418,0.001615612,0.003997485,hsa-miR-181b-5p,-1.612577103
hsa-mir-181a-1_hsa-miR-181a-5p,122.3835182,0.087553029,0.173245717,0.505369084,0.613299629,0.695179946,hsa-miR-181a-5p,0.013824865
hsa-mir-181a-1_hsa-miR-181a-3p,7.20869997,0.702232548,0.293189326,2.395150458,0.016613546,0.030742161,hsa-miR-181a-3p,1.061962135
hsa-mir-29c_hsa-miR-29c-5p,59.08774609,0.227963173,0.262008438,0.870060424,0.384267384,0.485742009,hsa-miR-29c-5p,0.07148796
hsa-mir-29c_hsa-miR-29c-3p,48.9018779,-0.525556216,0.283832283,-1.851643553,0.064077025,0.099714604,hsa-miR-29c-3p,-0.526208553
hsa-mir-29b-2_hsa-miR-29b-3p,78.1664372,0.746892804,0.21293243,3.507651716,0.00045208,0.001271109,hsa-miR-29b-3p,2.162864924
hsa-mir-29b-2_hsa-miR-29b-2-5p,18.05634172,0.450558824,0.237601371,1.896280408,0.057922975,0.090871914,hsa-miR-29b-2-5p,0.469288699
hsa-mir-205_hsa-miR-205-5p,37.2133013,0.635232988,0.295646114,2.148626204,0.031664043,0.053766786,hsa-miR-205-5p,0.806419335
hsa-mir-215_hsa-miR-215-5p,170.1958138,-0.862657955,0.288127363,-2.994016076,0.002753314,0.006409597,hsa-miR-215-5p,-1.891954898
hsa-mir-194-1_hsa-miR-194-5p,31.99199843,-1.45784168,0.285682053,-5.103021575,3.34272877277925e-07,2.01394371401175e-06,hsa-miR-194-5p,-8.303797211
hsa-mir-320b-2_hsa-miR-320b,85.88071542,-2.140010154,0.307137877,-6.967587885,3.22421042236416e-12,4.36275972776151e-11,hsa-miR-320b,-22.17101602
hsa-mir-1537_hsa-miR-1537-3p,10.98925865,0.942024697,0.307863369,3.059879132,0.002214263,0.005356291,hsa-miR-1537-3p,2.139466078
hsa-mir-548q_hsa-miR-548q,10.84212794,-2.830804356,0.394540963,-7.174931439,7.23434310821487e-13,1.08016226408863e-11,hsa-miR-548q,-31.04404711
hsa-mir-5100_hsa-miR-5100,21.58334607,0.272575823,0.337849742,0.806796007,0.41978402,0.517853221,hsa-miR-5100,0.077900349
hsa-mir-107_hsa-miR-107,3048.39287,-2.941104296,0.282374357,-10.41562105,2.1041968711001e-25,1.51852874197724e-23,hsa-miR-107,-67.11181479
hsa-mir-1287_hsa-miR-1287-5p,21.10087853,0.977357863,0.272492021,3.586739382,0.000334839,0.000993049,hsa-miR-1287-5p,2.935034339
hsa-mir-4685_hsa-miR-4685-3p,10.28411197,0.007780978,0.268832764,0.028943563,0.976909602,0.986072687,hsa-miR-4685-3p,4.73944858940563e-05
hsa-mir-3158-2_hsa-miR-3158-3p,4.636107187,-2.02127819,0.386823912,-5.225318618,1.7385547358038e-07,1.14059727364098e-06,hsa-miR-3158-3p,-12.01218881
hsa-mir-3158-1_hsa-miR-3158-3p,4.686457718,-2.242704326,0.375250298,-5.97655575,2.27904584563852e-09,1.86193745502165e-08,hsa-miR-3158-3p,-17.33618273
hsa-mir-146b_hsa-miR-146b-5p,35.61612763,-0.775624427,0.260903564,-2.972839524,0.002950587,0.006795766,hsa-miR-146b-5p,-1.681368823
hsa-mir-1307_hsa-miR-1307-3p,174.3248513,0.234634158,0.227198289,1.032728546,0.301730951,0.403239203,hsa-miR-1307-3p,0.092548453
hsa-mir-1307_hsa-miR-1307-5p,58.25590979,0.592255376,0.306540982,1.932059367,0.053352179,0.085862073,hsa-miR-1307-5p,0.631461871
hsa-mir-2110_hsa-miR-2110,153.4603383,-2.668012947,0.356757465,-7.478506301,7.51720975841349e-14,1.20553771310853e-12,hsa-miR-2110,-31.79956394
hsa-mir-378c_hsa-miR-378c,124.1940034,2.059558716,0.278207697,7.402953761,1.33188136691272e-13,2.05965939954718e-12,hsa-miR-378c,24.06842452
hsa-mir-210_hsa-miR-210-3p,358.7872138,-0.942203075,0.215303177,-4.376168946,1.207834098348e-05,5.12737416259494e-05,hsa-miR-210-3p,-4.042150113
hsa-mir-7847_hsa-miR-7847-3p,55.59519502,-4.144562344,0.49806383,-8.321347768,8.69686649605556e-17,2.21514305458356e-15,hsa-miR-7847-3p,-60.73689596
hsa-mir-483_hsa-miR-483-5p,101.742292,-0.977205343,0.320225985,-3.051611636,0.002276164,0.005460256,hsa-miR-483-5p,-2.211207546
hsa-mir-483_hsa-miR-483-3p,18.13689539,0.074914128,0.322432323,0.232340626,0.81627346,0.865219797,hsa-miR-483-3p,0.004710117
hsa-mir-610_hsa-miR-610,8.188576353,-2.21591595,0.367221742,-6.034272206,1.59680703280749e-09,1.35572048079538e-08,hsa-miR-610,-17.43444964
hsa-mir-129-2_hsa-miR-129-2-3p,5.021635897,0.371750174,0.342337094,1.085918474,0.277515063,0.37551257,hsa-miR-129-2-3p,0.158133424
hsa-mir-130a_hsa-miR-130a-3p,1508.99037,-3.292624126,0.346534496,-9.501576782,2.06735846223372e-21,1.118957767684e-19,hsa-miR-130a-3p,-62.39913324
hsa-mir-4488_hsa-miR-4488,26.91503638,-1.071191932,0.320237353,-3.344993709,0.000822844,0.002159343,hsa-miR-4488,-2.855453139
hsa-mir-1908_hsa-miR-1908-5p,9.205601551,0.52844629,0.28889107,1.829223345,0.067366157,0.103806213,hsa-miR-1908-5p,0.519873122
hsa-mir-192_hsa-miR-192-5p,657.5554101,-2.654612559,0.315816433,-8.405555499,4.25841114409281e-17,1.15243251587012e-15,hsa-miR-192-5p,-39.6556231
hsa-mir-194-2_hsa-miR-194-5p,34.2600751,-1.425240924,0.295091985,-4.829819163,1.36657104425448e-06,6.64859845126056e-06,hsa-miR-194-5p,-7.378856932
hsa-mir-139_hsa-miR-139-5p,48.60871654,0.07058949,0.305494093,0.231066627,0.817263041,0.865219797,hsa-miR-139-5p,0.004438212
hsa-mir-139_hsa-miR-139-3p,18.30874442,-3.242339587,0.410774195,-7.89324068,2.94439004566185e-15,5.79509495350718e-14,hsa-miR-139-3p,-42.91865278
hsa-mir-326_hsa-miR-326,37.21592935,0.987419286,0.29289944,3.371188714,0.000748446,0.001988202,hsa-miR-326,2.667552123
hsa-mir-1260b_hsa-miR-1260b,122.9088745,0.005948793,0.256792872,0.023165725,0.981518079,0.986072687,hsa-miR-1260b,3.62E-05
hsa-mir-7641-1_hsa-miR-7641,8.087740666,0.420819671,0.399729928,1.052759979,0.292451011,0.393375971,hsa-miR-7641,0.170512837
hsa-mir-4492_hsa-miR-4492,7.410420022,-0.634300965,0.381096695,-1.664409514,0.09603062,0.142890923,hsa-miR-4492,-0.535981372
hsa-mir-3656_hsa-miR-3656,249.6048937,-2.557754053,0.362617084,-7.053594998,1.74353376384935e-12,2.5165003991559e-11,hsa-miR-3656,-27.11015442
hsa-mir-125b-1_hsa-miR-125b-5p,77.51039445,0.897443823,0.244570399,3.669470323,0.000243054,0.000746398,hsa-miR-125b-5p,2.806333081
hsa-let-7a-2_hsa-let-7a-5p,97.42984168,-1.143379155,0.280016324,-4.083258931,4.44084942100956e-05,0.000168674,hsa-let-7a-5p,-4.313913419
hsa-mir-100_hsa-miR-100-5p,48.0469338,-0.03038981,0.283012631,-0.107379693,0.914487764,0.938325122,hsa-miR-100-5p,-0.000840177
hsa-mir-200c_hsa-miR-200c-3p,9.590243403,-2.033231957,0.39846377,-5.102677109,3.34882095632438e-07,2.01394371401175e-06,hsa-miR-200c-3p,-11.581193
hsa-mir-141_hsa-miR-141-5p,5.581096562,0.641455234,0.325209273,1.972438325,0.04855959,0.079046251,hsa-miR-141-5p,0.706959825
hsa-mir-148b_hsa-miR-148b-3p,56.84417501,0.489622362,0.298431437,1.640652762,0.100869516,0.149577056,hsa-miR-148b-3p,0.404004557
hsa-mir-1228_hsa-miR-1228-5p,30.31072934,-1.796979088,0.369599551,-4.861962316,1.16227752780052e-06,5.85193220392586e-06,hsa-miR-1228-5p,-9.403053757
hsa-mir-26a-2_hsa-miR-26a-5p,92.71510467,-1.233577599,0.285272834,-4.324202844,1.5308439398922e-05,6.40807998537661e-05,hsa-miR-26a-5p,-5.172726498
hsa-let-7i_hsa-let-7i-5p,526.2893792,-1.585028352,0.274279788,-5.778874067,7.52021873923796e-09,5.81474056087507e-08,hsa-let-7i-5p,-11.46842455
hsa-mir-331_hsa-miR-331-5p,22.18848261,-0.147434993,0.227994172,-0.646661234,0.517851218,0.614327609,hsa-miR-331-5p,-0.031197239
hsa-mir-331_hsa-miR-331-3p,5.696725721,-1.078943348,0.331607854,-3.253672476,0.001139235,0.002851381,hsa-miR-331-3p,-2.745851175
hsa-mir-619_hsa-miR-619-5p,9.559506748,-1.542230532,0.399072475,-3.864537462,0.0001113,0.0003778,hsa-miR-619-5p,-5.278651491
hsa-mir-4497_hsa-miR-4497,12.72051467,-0.424889755,0.342237659,-1.241504971,0.214419263,0.302421957,hsa-miR-4497,-0.220682079
hsa-mir-320d-1_hsa-miR-320d,36.35318174,-1.854537592,0.301611264,-6.14876768,7.80872554348668e-10,7.04412116735361e-09,hsa-miR-320d,-15.11851162
hsa-mir-3613_hsa-miR-3613-3p,4.207171589,-0.467199092,0.342290081,-1.364921506,0.172277722,0.245382413,hsa-miR-3613-3p,-0.285064594
hsa-mir-16-1_hsa-miR-16-5p,53116.81341,-3.14755327,0.297418299,-10.58291734,3.57645672185929e-26,3.27397069346678e-24,hsa-miR-16-5p,-73.92005315
hsa-mir-16-1_hsa-miR-16-1-3p,4.936175636,0.69028238,0.297684103,2.318841927,0.020403609,0.036447852,hsa-miR-16-1-3p,0.992852514
hsa-mir-15a_hsa-miR-15a-5p,836.7134507,-0.414620678,0.224066103,-1.850439103,0.064250288,0.099714604,hsa-miR-15a-5p,-0.415135318
hsa-mir-622_hsa-miR-622,6.259599617,0.361403528,0.357200222,1.011767366,0.311649297,0.415212755,hsa-miR-622,0.137958321
hsa-mir-17_hsa-miR-17-5p,3424.481007,0.535655984,0.271985135,1.969431101,0.048903607,0.079308097,hsa-miR-17-5p,0.589587152
hsa-mir-17_hsa-miR-17-3p,249.2343172,0.908776996,0.237077437,3.833249627,0.000126462,0.000414832,hsa-miR-17-3p,3.073599833
hsa-mir-18a_hsa-miR-18a-5p,596.9928186,0.309272613,0.322830868,0.958001987,0.338061757,0.443578002,hsa-miR-18a-5p,0.109182511
hsa-mir-18a_hsa-miR-18a-3p,4.323503602,-0.136930693,0.291854715,-0.469174167,0.638945149,0.716744169,hsa-miR-18a-3p,-0.019805085
hsa-mir-19a_hsa-miR-19a-3p,3000.536104,1.132542858,0.317270755,3.569641509,0.00035747,0.001045842,hsa-miR-19a-3p,3.375582635
hsa-mir-20a_hsa-miR-20a-5p,1226.426475,0.322866573,0.356551342,0.905526176,0.365186699,0.473430661,hsa-miR-20a-5p,0.104848859
hsa-mir-19b-1_hsa-miR-19b-1-5p,10.66152674,1.258915095,0.258479662,4.870460936,1.11338212159648e-06,5.67169951354441e-06,hsa-miR-19b-1-5p,6.604629626
hsa-mir-19b-1_hsa-miR-19b-3p,8160.213796,1.490570746,0.293110544,5.085353549,3.66941882507954e-07,2.14710588008033e-06,hsa-miR-19b-3p,8.448773415
hsa-mir-92a-1_hsa-miR-92a-3p,220.3002877,0.353514237,0.294286391,1.201259207,0.229650669,0.317695654,hsa-miR-92a-3p,0.176046105
hsa-mir-4306_hsa-miR-4306,101.8630307,-2.879466856,0.349646592,-8.235363718,1.79012925607426e-16,4.07961035726398e-15,hsa-miR-4306,-41.43374657
hsa-mir-624_hsa-miR-624-5p,3.801736623,-0.882435809,0.315654517,-2.795574787,0.005180751,0.01127269,hsa-miR-624-5p,-1.718960628
hsa-mir-625_hsa-miR-625-5p,15.01144605,-1.567531788,0.384748096,-4.074176855,4.61773814375434e-05,0.000172369,hsa-miR-625-5p,-5.899469825
hsa-mir-7641-2_hsa-miR-7641,6.2744254,0.067911616,0.361705665,0.187753807,0.851069649,0.890128401,hsa-miR-7641,0.003432752
hsa-mir-1260a_hsa-miR-1260a,90.97108722,0.080576546,0.239699634,0.336156317,0.736752992,0.802053074,hsa-miR-1260a,0.007718983
hsa-mir-151b_hsa-miR-151b,27.07796325,-0.03160438,0.253797638,-0.124525901,0.900898894,0.933227801,hsa-miR-151b,-0.000948521
hsa-mir-342_hsa-miR-342-5p,51.31765406,-3.02389845,0.378248534,-7.994475012,1.30127146083004e-15,2.81725271269703e-14,hsa-miR-342-5p,-40.97435074
hsa-mir-342_hsa-miR-342-3p,338.6487011,-1.293136124,0.289902118,-4.460595647,8.17321715395492e-06,3.53900302766248e-05,hsa-miR-342-3p,-5.755902858
hsa-mir-345_hsa-miR-345-5p,74.03566572,-1.233949133,0.277326262,-4.449449267,8.60907623899853e-06,3.69082179355086e-05,hsa-miR-345-5p,-5.469944637
hsa-mir-493_hsa-miR-493-5p,7.672404017,0.833753223,0.325585902,2.560778026,0.010443806,0.020649169,hsa-miR-493-5p,1.404955403
hsa-mir-337_hsa-miR-337-5p,6.711396077,-2.595366695,0.384185925,-6.755496556,1.42346889369792e-11,1.66584332694918e-10,hsa-miR-337-5p,-25.37844505
hsa-mir-127_hsa-miR-127-3p,27.08224605,0.338362497,0.310338198,1.090302446,0.275579938,0.374063051,hsa-miR-127-3p,0.14449946
hsa-mir-136_hsa-miR-136-5p,8.366153616,0.130013863,0.294015278,0.442201043,0.658343731,0.732809346,hsa-miR-136-5p,0.017553042
hsa-mir-299_hsa-miR-299-3p,18.69667127,0.373343023,0.285499441,1.307683904,0.190980545,0.271129757,hsa-miR-299-3p,0.211619343
hsa-mir-376c_hsa-miR-376c-3p,26.61360241,0.1693265,0.313487635,0.540137733,0.589102051,0.673363457,hsa-miR-376c-3p,0.029081904
hsa-mir-376a-2_hsa-miR-376a-3p,7.931182191,0.992001318,0.336911579,2.94439663,0.00323585,0.007374332,hsa-miR-376a-3p,2.115221889
hsa-mir-376a-1_hsa-miR-376a-3p,7.780402716,0.724900771,0.341597236,2.122092031,0.03383001,0.056997644,hsa-miR-376a-3p,0.901880289
hsa-mir-382_hsa-miR-382-5p,7.588641451,0.128020485,0.333568094,0.383791157,0.701133242,0.774466056,hsa-miR-382-5p,0.014209968
hsa-mir-134_hsa-miR-134-5p,129.3578549,-2.266247447,0.35224861,-6.433659016,1.24568142695111e-10,1.2842382330234e-09,hsa-miR-134-5p,-20.15000922
hsa-mir-485_hsa-miR-485-5p,4.858206454,0.392639609,0.33108684,1.185911254,0.235657348,0.322910227,hsa-miR-485-5p,0.19275393
hsa-mir-409_hsa-miR-409-3p,25.10452869,-1.20738731,0.401600649,-3.006437649,0.002643283,0.006189274,hsa-miR-409-3p,-2.666346168
hsa-mir-203a_hsa-miR-203a,18.37365408,-1.605790666,0.371451689,-4.323013497,1.53912313736528e-05,6.40807998537661e-05,hsa-miR-203a,-6.73351716
hsa-mir-1268a_hsa-miR-1268a,2.817072182,-1.239058658,0.377240605,-3.284531525,0.001021521,0.002586658,hsa-miR-1268a,-3.205768199
hsa-mir-4508_hsa-miR-4508,397.2874022,-1.312091512,0.366114563,-3.583827701,0.000338595,0.000997359,hsa-miR-4508,-3.937781177
hsa-mir-627_hsa-miR-627-5p,56.98214386,0.13813084,0.277920951,0.497014849,0.61917858,0.700011293,hsa-miR-627-5p,0.02139577
hsa-mir-190a_hsa-miR-190a-5p,62.9243923,-0.207852289,0.379435383,-0.547793639,0.583833607,0.672340297,hsa-miR-190a-5p,-0.035835992
hsa-mir-422a_hsa-miR-422a,2.519366197,-0.714375728,0.37332241,-1.913562405,0.055676093,0.088631427,hsa-miR-422a,-0.751817775
hsa-mir-629_hsa-miR-629-5p,53.17821227,-1.363586784,0.320947927,-4.248623126,2.15088418180322e-05,8.62345232148882e-05,hsa-miR-629-5p,-5.542051445
hsa-mir-7-2_hsa-miR-7-5p,256.9141944,1.109328949,0.208042917,5.332212041,9.70235500830908e-08,6.66844399777433e-07,hsa-miR-7-5p,6.851188404
hsa-mir-1225_hsa-miR-1225-5p,24.07554613,-2.526752833,0.377653131,-6.69067095,2.22149675686234e-11,2.40477023930348e-10,hsa-miR-1225-5p,-24.30464956
hsa-mir-6511b-1_hsa-miR-6511b-3p,2.574255481,-1.028356316,0.301261494,-3.413500686,0.00064134,0.001746542,hsa-miR-6511b-3p,-2.836022562
hsa-mir-4516_hsa-miR-4516,36.29917227,-3.788888337,0.456486705,-8.300106643,1.04017982320979e-16,2.50221035249911e-15,hsa-miR-4516,-55.32412059
hsa-mir-6126_hsa-miR-6126,5.788263968,0.280394641,0.376103424,0.745525361,0.455954186,0.551475314,hsa-miR-6126,0.072474703
hsa-mir-193b_hsa-miR-193b-5p,7.413753346,-0.120968119,0.381603445,-0.316999547,0.751243946,0.807167813,hsa-miR-193b-5p,-0.01125441
hsa-mir-193b_hsa-miR-193b-3p,18.50084895,1.112276013,0.280488311,3.965498631,7.32426727165168e-05,0.000259951,hsa-miR-193b-3p,3.987629356
hsa-mir-365a_hsa-miR-365a-3p,4.867402502,-1.154308757,0.320909396,-3.596992708,0.000321918,0.000961312,hsa-miR-365a-3p,-3.482705945
hsa-mir-6511b-2_hsa-miR-6511b-3p,2.626269918,-0.749942494,0.304014389,-2.466799344,0.013632673,0.026004173,hsa-miR-6511b-3p,-1.18862657
hsa-mir-484_hsa-miR-484,942.5154457,-0.549694447,0.224408898,-2.449521613,0.014304612,0.026929988,hsa-miR-484,-0.862890467
hsa-mir-138-2_hsa-miR-138-5p,3.610852094,0.206001249,0.296016591,0.695911161,0.486484467,0.581899929,hsa-miR-138-5p,0.048441543
hsa-mir-328_hsa-miR-328-3p,10.7402229,0.420710571,0.268333033,1.56786724,0.116912119,0.171023471,hsa-miR-328-3p,0.322661568
hsa-mir-140_hsa-miR-140-5p,28.03444944,0.470987346,0.259775269,1.813056909,0.069823044,0.106831725,hsa-miR-140-5p,0.457469895
hsa-mir-140_hsa-miR-140-3p,1546.202949,-0.404501131,0.184946171,-2.187128981,0.02873311,0.049765746,hsa-miR-140-3p,-0.52709308
hsa-mir-22_hsa-miR-22-5p,31.02163814,0.599008713,0.250401712,2.39219097,0.016748125,0.030859312,hsa-miR-22-5p,0.904870805
hsa-mir-22_hsa-miR-22-3p,564.364066,-0.340011439,0.20268262,-1.677555966,0.093433815,0.140964606,hsa-miR-22-3p,-0.289312305
hsa-mir-132_hsa-miR-132-3p,8.288017353,0.058440449,0.302140053,0.193421719,0.846628707,0.887627676,hsa-miR-132-3p,0.003025413
hsa-mir-195_hsa-miR-195-5p,8.25960675,-1.459682968,0.29758474,-4.905100198,9.33796589396558e-07,4.81349908581797e-06,hsa-miR-195-5p,-7.761921266
hsa-mir-497_hsa-miR-497-5p,28.65968843,0.04187398,0.316395294,0.132347039,0.894709803,0.929039196,hsa-miR-497-5p,0.001338542
hsa-mir-324_hsa-miR-324-5p,312.1640363,-1.288164776,0.265435274,-4.853027853,1.21590605826709e-06,6.05157842792702e-06,hsa-miR-324-5p,-6.721812982
hsa-mir-324_hsa-miR-324-3p,173.9295294,-0.354278009,0.292012136,-1.213230432,0.225041732,0.314332484,hsa-miR-324-3p,-0.178063931
hsa-mir-744_hsa-miR-744-5p,133.6224315,-0.771255884,0.276284133,-2.791531588,0.005245924,0.011357425,hsa-miR-744-5p,-1.499876843
hsa-mir-33b_hsa-miR-33b-5p,54.56662033,1.5439323,0.27155143,5.685598126,1.30355609516006e-08,9.73172050352253e-08,hsa-miR-33b-5p,10.82576052
hsa-mir-1180_hsa-miR-1180-3p,71.18978162,1.232449835,0.254113028,4.850006493,1.23457433087071e-06,6.07466687803431e-06,hsa-miR-1180-3p,6.429046875
hsa-mir-451a_hsa-miR-451a,85450.63239,-1.212212685,0.256565977,-4.724760074,2.30387197541895e-06,1.050080595112e-05,hsa-miR-451a,-6.035337081
hsa-mir-144_hsa-miR-144-5p,172.8997435,-1.170063206,0.30207112,-3.873469291,0.000107297,0.000371677,hsa-miR-144-5p,-4.013123518
hsa-mir-144_hsa-miR-144-3p,4812.674481,-0.04693298,0.39577827,-0.118584025,0.905604923,0.935863798,hsa-miR-144-3p,-0.001351076
hsa-mir-4732_hsa-miR-4732-5p,10.32124144,-0.870322451,0.326632443,-2.664531556,0.007709563,0.016049235,hsa-miR-4732-5p,-1.561833379
hsa-mir-4732_hsa-miR-4732-3p,11.10384717,-0.230339422,0.307439423,-0.749218888,0.453725286,0.550316664,hsa-miR-4732-3p,-0.059747129
hsa-mir-423_hsa-miR-423-5p,1835.557423,-1.608240959,0.25090998,-6.409633295,1.45870064833483e-10,1.40359417939774e-09,hsa-miR-423-5p,-14.23736873
hsa-mir-423_hsa-miR-423-3p,186.2924066,0.077350371,0.222382606,0.347825635,0.727971136,0.798003802,hsa-miR-423-3p,0.007579953
hsa-mir-193a_hsa-miR-193a-5p,349.6450883,-0.087222626,0.258599484,-0.337288476,0.735899446,0.802053074,hsa-miR-193a-5p,-0.008355656
hsa-mir-193a_hsa-miR-193a-3p,12.27521222,-0.809915669,0.323436388,-2.504095699,0.012276482,0.023730879,hsa-miR-193a-3p,-1.315858793
hsa-mir-365b_hsa-miR-365b-3p,4.584391777,-0.836561623,0.32664381,-2.561082126,0.010434669,0.020649169,hsa-miR-365b-3p,-1.409687831
hsa-mir-152_hsa-miR-152-3p,19.53018191,0.149610264,0.23610024,0.633672648,0.526294479,0.619254102,hsa-miR-152-3p,0.03113855
hsa-mir-10a_hsa-miR-10a-5p,18.48575687,-0.801513525,0.359649983,-2.228593253,0.02584098,0.045669978,hsa-miR-10a-5p,-1.074324044
hsa-mir-142_hsa-miR-142-5p,342.1965141,-1.091566529,0.282487579,-3.864122208,0.000111489,0.0003778,hsa-miR-142-5p,-3.736146553
hsa-mir-142_hsa-miR-142-3p,770.8295023,0.116822228,0.217403629,0.537351783,0.591024643,0.673363457,hsa-miR-142-3p,0.020064271
hsa-mir-454_hsa-miR-454-3p,36.79635773,-2.730256948,0.492892813,-5.53925088,3.0376821905148e-08,2.22934981100493e-07,hsa-miR-454-3p,-18.16118263
hsa-mir-301a_hsa-miR-301a-3p,41.07610224,0.22052251,0.275494404,0.800460941,0.423443785,0.520883974,hsa-miR-301a-3p,0.062464987
hsa-mir-21_hsa-miR-21-5p,383.231731,0.157076553,0.254368687,0.617515286,0.536894902,0.624441036,hsa-miR-21-5p,0.0321235
hsa-mir-21_hsa-miR-21-3p,3.96616812,0.795315238,0.330478553,2.406556287,0.016103722,0.030055654,hsa-miR-21-3p,1.210528501
hsa-mir-634_hsa-miR-634,509.7737388,0.749898583,0.253878794,2.953766127,0.003139218,0.007191965,hsa-miR-634,1.607146962
hsa-mir-548aa-2_hsa-miR-548aa,3.548019269,-1.902265185,0.355509995,-5.350806485,8.7563118530222e-08,6.11529521348164e-07,hsa-miR-548aa,-11.8198818
hsa-mir-548d-2_hsa-miR-548d-5p,3.397597057,-0.303524537,0.250580617,-1.211284975,0.225786205,0.314358285,hsa-miR-548d-5p,-0.152543871
hsa-mir-3615_hsa-miR-3615,39.66084818,1.101302514,0.2572553,4.280971142,1.86079489792281e-05,7.53013262430447e-05,hsa-miR-3615,4.540887635
hsa-mir-636_hsa-miR-636,5.687914413,-1.114018097,0.336168803,-3.313865194,0.000920159,0.002371599,hsa-miR-636,-2.924251498
hsa-mir-1268b_hsa-miR-1268b,14.51919355,-3.696128514,0.43888921,-8.421552479,3.71527838118972e-17,1.07247702603677e-15,hsa-miR-1268b,-55.32960977
hsa-mir-338_hsa-miR-338-5p,12.57320911,-2.039268758,0.399575455,-5.103588657,3.3327227041186e-07,2.01394371401175e-06,hsa-miR-338-5p,-11.61557833
hsa-mir-338_hsa-miR-338-3p,29.23790159,1.133412338,0.323859747,3.499701179,0.00046578,0.001301179,hsa-miR-338-3p,3.270646028
hsa-mir-320c-1_hsa-miR-320c,33.89723147,-2.12797249,0.310119044,-6.86179237,6.80018549641244e-12,8.4128009141331e-11,hsa-miR-320c,-21.43944922
hsa-mir-133a-1_hsa-miR-133a-3p,10.96918236,0.792427162,0.296190912,2.675393234,0.007464164,0.015613445,hsa-miR-133a-3p,1.431520664
hsa-mir-1-2_hsa-miR-1,38.49819939,-0.523175502,0.312660715,-1.673301046,0.094268047,0.141069106,hsa-miR-1,-0.444996385
hsa-mir-320c-2_hsa-miR-320c,31.82179256,-2.114031551,0.309246995,-6.83606175,8.13998679310006e-12,9.79059522614535e-11,hsa-miR-320c,-21.15974537
hsa-mir-122_hsa-miR-122-5p,10131.28075,-1.238886865,0.266004824,-4.657384958,3.20251273740069e-06,1.44446668259844e-05,hsa-miR-122-5p,-5.996574763
hsa-mir-3591_hsa-miR-3591-5p,9.008436855,1.352057176,0.314191469,4.303290541,1.68279938642986e-05,6.93954413642028e-05,hsa-miR-3591-5p,5.622758344
hsa-mir-3591_hsa-miR-3591-3p,3920.626509,1.1636964,0.464681966,2.504285696,0.012269891,0.023730879,hsa-miR-3591-3p,1.890641457
hsa-mir-7-3_hsa-miR-7-5p,260.7618905,1.084408265,0.216371534,5.011788043,5.39265850960889e-07,2.99361683930852e-06,hsa-miR-7-5p,5.990058483
hsa-mir-3940_hsa-miR-3940-3p,3.575911968,-0.793562745,0.318518306,-2.491419583,0.012723377,0.024485431,hsa-miR-3940-3p,-1.27850278
hsa-mir-3940_hsa-miR-3940-5p,10.63647376,-4.196356957,0.459364344,-9.135138619,6.53230351395512e-20,2.82848742154256e-18,hsa-miR-3940-5p,-73.63954241
hsa-mir-199a-1_hsa-miR-199a-5p,13.4616305,0.666554859,0.258469817,2.57884989,0.009912985,0.019780289,hsa-miR-199a-5p,1.135654423
hsa-mir-199a-1_hsa-miR-199a-3p,12.17971203,-0.640760597,0.276439726,-2.317903459,0.020454568,0.036447852,hsa-miR-199a-3p,-0.921623944
hsa-mir-6793_hsa-miR-6793-3p,2.747837724,-0.066783369,0.307518637,-0.217168525,0.828077013,0.874530113,hsa-miR-6793-3p,-0.003888477
hsa-mir-24-2_hsa-miR-24-3p,439.8746255,-0.399945698,0.169005042,-2.366471997,0.017958533,0.032858792,hsa-miR-24-3p,-0.593258816
hsa-mir-24-2_hsa-miR-24-2-5p,5.000251172,-0.832383877,0.289075782,-2.879465971,0.003983493,0.008845397,hsa-miR-24-2-5p,-1.709119393
hsa-mir-27a_hsa-miR-27a-5p,5.296222201,-2.055141332,0.414839927,-4.954058658,7.26812802662923e-07,3.93387429441307e-06,hsa-miR-27a-5p,-11.10840784
hsa-mir-27a_hsa-miR-27a-3p,106.8868725,-0.146236246,0.338238405,-0.432346665,0.665489476,0.738863957,hsa-miR-27a-3p,-0.019220637
hsa-mir-23a_hsa-miR-23a-5p,11.82158112,-1.966852701,0.367094578,-5.357890901,8.41990552596221e-08,5.97675261105186e-07,hsa-miR-23a-5p,-12.24077608
hsa-mir-23a_hsa-miR-23a-3p,707.6090484,-0.205190035,0.251122164,-0.817092492,0.413875573,0.514592059,hsa-miR-23a-3p,-0.059204901
hsa-mir-181c_hsa-miR-181c-5p,4.618734552,0.85659598,0.304170166,2.816173564,0.00485994,0.010682001,hsa-miR-181c-5p,1.688648251
hsa-mir-181c_hsa-miR-181c-3p,5.53404276,-0.150024522,0.333898997,-0.44931109,0.653207259,0.730849465,hsa-miR-181c-3p,-0.020429149
hsa-mir-6887_hsa-miR-6887-5p,9958.365208,-2.675779471,0.31174586,-8.583207714,9.22635396248449e-18,3.07308558904291e-16,hsa-miR-6887-5p,-41.50782928
hsa-mir-330_hsa-miR-330-3p,11.49344218,-1.190061929,0.349273345,-3.407250926,0.000656208,0.001775862,hsa-miR-330-3p,-3.273373353
hsa-mir-642a_hsa-miR-642a-5p,4.167366978,-0.138749742,0.286126934,-0.484923737,0.627730443,0.70599294,hsa-miR-642a-5p,-0.020978911
hsa-mir-769_hsa-miR-769-5p,89.82317981,1.129046603,0.276377269,4.085164477,4.4045605002436e-05,0.000168674,hsa-miR-769-5p,4.259837404
hsa-mir-769_hsa-miR-769-3p,6.500945571,0.313528265,0.337671419,0.928501042,0.353147727,0.460581223,hsa-miR-769-3p,0.105563014
hsa-mir-320e_hsa-miR-320e,2.968581935,-0.630085127,0.365370855,-1.724508449,0.084616095,0.128557085,hsa-miR-320e,-0.561345351
hsa-mir-150_hsa-miR-150-5p,643.6314428,-1.297652984,0.287285981,-4.516938073,6.27402438506535e-06,2.74409349367e-05,hsa-miR-150-5p,-5.919375272
hsa-mir-150_hsa-miR-150-3p,3.830607711,-1.117863807,0.371838962,-3.006311656,0.002644378,0.006189274,hsa-miR-150-3p,-2.46864602
hsa-mir-99b_hsa-miR-99b-5p,10.14977343,-0.486669802,0.26068806,-1.866866482,0.061920236,0.096792282,hsa-miR-99b-5p,-0.493560692
hsa-mir-125a_hsa-miR-125a-5p,91.89792052,-0.294514617,0.254518093,-1.157146094,0.247212677,0.33767536,hsa-miR-125a-5p,-0.138863827
hsa-mir-125a_hsa-miR-125a-3p,3.666223451,-1.719941581,0.358624436,-4.795940849,1.61913057345955e-06,7.70421470668115e-06,hsa-miR-125a-3p,-8.79452848
hsa-mir-373_hsa-miR-373-3p,4.621597962,0.315195021,0.362658406,0.869123715,0.384779467,0.485742009,hsa-miR-373-3p,0.098843373
hsa-mir-6803_hsa-miR-6803-3p,4.718091979,0.037105066,0.322725735,0.114973992,0.908465737,0.936584914,hsa-miR-6803-3p,0.001055745
hsa-mir-4429_hsa-miR-4429,27.13089285,-1.563378918,0.404632535,-3.863700474,0.000111682,0.0003778,hsa-miR-4429,-5.351036883
hsa-mir-1301_hsa-miR-1301-3p,18.39690213,0.057262408,0.247285056,0.231564371,0.816876383,0.865219797,hsa-miR-1301-3p,0.003600291
hsa-mir-4433b_hsa-miR-4433b-5p,46.25513053,0.201089071,0.326458465,0.61597138,0.537913409,0.624441036,hsa-miR-4433b-5p,0.041124437
hsa-mir-4433b_hsa-miR-4433b-3p,24.58431045,-2.75287688,0.354860465,-7.75763194,8.65298389234636e-15,1.56114251057749e-13,hsa-miR-4433b-3p,-35.25487592
hsa-mir-4433_hsa-miR-4433-3p,8.893006452,-2.155305483,0.362503537,-5.945612287,2.7542536745239e-09,2.16834880194336e-08,hsa-miR-4433-3p,-16.51798287
hsa-mir-4433_hsa-miR-4433-5p,6.603391482,0.008972437,0.345542158,0.025966259,0.979284251,0.986072687,hsa-miR-4433-5p,5.46517468995241e-05
hsa-mir-1285-2_hsa-miR-1285-3p,11.06051773,-2.103974921,0.313422814,-6.712896528,1.90798417565307e-11,2.11835166168662e-10,hsa-miR-1285-3p,-20.35385747
hsa-mir-4772_hsa-miR-4772-5p,4.948513926,0.218536616,0.333269745,0.655734938,0.511994685,0.609048622,hsa-miR-4772-5p,0.047061431
hsa-mir-128-1_hsa-miR-128-3p,10.53842082,-0.559609725,0.280445182,-1.995433548,0.045995615,0.075155099,hsa-miR-128-3p,-0.629024581
hsa-mir-4785_hsa-miR-4785,5.253906651,-1.202378775,0.338826763,-3.548653487,0.000387206,0.001103028,hsa-miR-4785,-3.555931007
hsa-mir-10b_hsa-miR-10b-5p,28.0102097,0.099735128,0.344118883,0.289827535,0.771948181,0.825317438,hsa-miR-10b-5p,0.008315813
hsa-mir-7704_hsa-miR-7704,7.270206841,0.171613925,0.349533851,0.490979413,0.623441008,0.702994679,hsa-miR-7704,0.026265162
hsa-mir-1246_hsa-miR-1246,209.2954798,-4.453584251,0.355394888,-12.53136834,5.02874867619307e-36,2.1774481767916e-33,hsa-miR-1246,-145.4632012
hsa-mir-2355_hsa-miR-2355-3p,8.707139956,0.012428928,0.301329434,0.041246977,0.967099003,0.982990301,hsa-miR-2355-3p,9.26050518878494e-05
hsa-mir-26b_hsa-miR-26b-5p,181.4843303,-1.328853056,0.290035011,-4.581698777,4.61213916483637e-06,2.0588208849218e-05,hsa-miR-26b-5p,-6.227512292
hsa-mir-26b_hsa-miR-26b-3p,6.162347572,-0.092283312,0.275033827,-0.335534407,0.737221994,0.802053074,hsa-miR-26b-3p,-0.008840454
hsa-mir-375_hsa-miR-375,17.14739419,1.043940116,0.317016774,3.29301224,0.000991202,0.002539588,hsa-miR-375,2.709271822
hsa-mir-1292_hsa-miR-1292-5p,11.23620103,-1.77874326,0.374708614,-4.747003927,2.06451945253974e-06,9.50996726542244e-06,hsa-miR-1292-5p,-8.932530218
hsa-mir-103a-2_hsa-miR-103a-2-5p,22.66460748,0.638704017,0.229597147,2.781846486,0.00540506,0.011643736,hsa-miR-103a-2-5p,1.235194577
hsa-mir-103a-2_hsa-miR-103a-3p,8821.273901,-0.475507049,0.186256566,-2.552967974,0.010680932,0.021022016,hsa-miR-103a-3p,-0.797580168
hsa-mir-103b-2_hsa-miR-103b,18.02068032,1.029064421,0.25942365,3.966733257,7.28644623364897e-05,0.000259951,hsa-miR-103b,3.689306831
hsa-mir-4532_hsa-miR-4532,45.36813934,1.47707633,0.307146816,4.809023743,1.51669193154094e-06,7.29697340396919e-06,hsa-miR-4532,7.587530235
hsa-mir-296_hsa-miR-296-5p,9.539500307,-0.708043797,0.319775899,-2.214187499,0.026815883,0.04685601,hsa-miR-296-5p,-0.941156384
hsa-mir-1-1_hsa-miR-1,36.72498401,-0.34206513,0.301162529,-1.135815705,0.256033703,0.348624507,hsa-miR-1,-0.1565434
hsa-mir-133a-2_hsa-miR-133a-3p,11.54822449,1.010063677,0.28731765,3.515494709,0.000438936,0.001242216,hsa-miR-133a-3p,2.935045884
hsa-mir-124-3_hsa-miR-124-3p,9.641284665,1.151584885,0.299986577,3.838788045,0.000123643,0.000408683,hsa-miR-124-3p,3.902276083
hsa-mir-3196_hsa-miR-3196,42.86591765,-2.278238836,0.395182216,-5.765033804,8.1641475909316e-09,6.20188755591822e-08,hsa-miR-3196,-16.42035199
hsa-mir-99a_hsa-miR-99a-5p,40.13601805,-0.024248732,0.2944022,-0.082366,0.934355672,0.954188693,hsa-miR-99a-5p,-0.000493843
hsa-let-7c_hsa-let-7c-5p,5.105482465,-1.761334775,0.340603017,-5.171224824,2.32564555346406e-07,1.50299182783573e-06,hsa-let-7c-5p,-10.2563288
hsa-mir-125b-2_hsa-miR-125b-5p,76.65501536,0.788928731,0.245996736,3.207069916,0.001340944,0.003336947,hsa-miR-125b-5p,1.953900899
hsa-mir-125b-2_hsa-miR-125b-2-3p,10.61486036,0.85475228,0.280347054,3.048907661,0.002296751,0.005464247,hsa-miR-125b-2-3p,1.933851087
hsa-mir-155_hsa-miR-155-5p,3.324387948,-0.718271878,0.289250536,-2.483217104,0.013020171,0.024945725,hsa-miR-155-5p,-1.151392596
hsa-mir-185_hsa-miR-185-5p,3643.802764,0.143697537,0.228823123,0.627985211,0.530013628,0.621940111,hsa-miR-185-5p,0.029637823
hsa-mir-185_hsa-miR-185-3p,22.52426869,-0.569925685,0.340819299,-1.672222458,0.094480464,0.141069106,hsa-miR-185-3p,-0.484760599
hsa-mir-1306_hsa-miR-1306-3p,2.809258574,-0.267610456,0.362703015,-0.737822529,0.460622301,0.554026267,hsa-miR-1306-3p,-0.068633958
hsa-mir-1306_hsa-miR-1306-5p,41.58724149,-1.243086369,0.259368903,-4.792734813,1.64523033840659e-06,7.74331235358755e-06,hsa-miR-1306-5p,-6.353505453
hsa-mir-301b_hsa-miR-301b,3.565310538,-0.255172962,0.304097915,-0.839114474,0.401405075,0.503792456,hsa-miR-301b,-0.075977326
hsa-mir-130b_hsa-miR-130b-5p,3.9189277,-0.027069709,0.280405741,-0.096537642,0.923093579,0.944916123,hsa-miR-130b-5p,-0.000666097
hsa-mir-130b_hsa-miR-130b-3p,415.4802998,-4.096614916,0.357070611,-11.4728426,1.80626626143253e-30,3.91056645600144e-28,hsa-miR-130b-3p,-112.2790398
hsa-mir-3200_hsa-miR-3200-5p,3.433933085,-0.177918507,0.30177355,-0.589576213,0.555474803,0.642038388,hsa-miR-3200-5p,-0.03423846
hsa-mir-3200_hsa-miR-3200-3p,4.693096583,-0.111821307,0.298870077,-0.374146882,0.708295041,0.780386139,hsa-miR-3200-3p,-0.012042087
hsa-mir-3928_hsa-miR-3928-3p,6.508435296,0.019990874,0.326757876,0.061179472,0.951216278,0.969121526,hsa-miR-3928-3p,0.000272311
hsa-mir-33a_hsa-miR-33a-5p,64.40798794,1.015187508,0.298633935,3.399437874,0.000675245,0.001816032,hsa-miR-33a-5p,2.78250357
hsa-mir-33a_hsa-miR-33a-3p,5.641156785,0.510271935,0.304162906,1.677627103,0.093419918,0.140964606,hsa-miR-33a-3p,0.434185245
hsa-mir-378i_hsa-miR-378i,48.84168588,0.62545166,0.304653208,2.052995483,0.040073016,0.066736984,hsa-miR-378i,0.735301878
hsa-mir-1249_hsa-miR-1249,9.126443478,0.283982888,0.284474014,0.998273567,0.318146722,0.422569112,hsa-miR-1249,0.106238638
hsa-let-7a-3_hsa-let-7a-5p,99.93312001,-1.132681777,0.277225967,-4.085770854,4.39307188399747e-05,0.000168674,hsa-let-7a-5p,-4.273552739
hsa-let-7b_hsa-let-7b-5p,1606.51509,-1.819074941,0.283722894,-6.411449267,1.44142727595442e-10,1.40359417939774e-09,hsa-let-7b-5p,-16.10383104
hsa-let-7b_hsa-let-7b-3p,178.3472728,1.226278774,0.390494759,3.1403207,0.00168763,0.004151953,hsa-let-7b-3p,2.920686517
hsa-mir-3667_hsa-miR-3667-5p,28.39648655,-1.908593069,0.388199245,-4.916529582,8.80918917171785e-07,4.59563724259497e-06,hsa-miR-3667-5p,-10.18740993
hsa-mir-885_hsa-miR-885-5p,11.85050246,-1.128604276,0.384384772,-2.936131598,0.003323333,0.007534048,hsa-miR-885-5p,-2.395994832
hsa-mir-4792_hsa-miR-4792,23.85987007,0.646226944,0.319745387,2.021067292,0.0432728,0.071243811,hsa-miR-4792,0.741385708
hsa-mir-548ay_hsa-miR-548ay-5p,3.315931166,-0.577023562,0.261371553,-2.207675452,0.027266905,0.047415944,hsa-miR-548ay-5p,-0.76402282
hsa-mir-128-2_hsa-miR-128-3p,10.64112817,-0.581917771,0.273684621,-2.126234816,0.033483712,0.056634561,hsa-miR-128-3p,-0.725604013
hsa-mir-26a-1_hsa-miR-26a-5p,91.04461966,-1.147053539,0.290804876,-3.944409585,7.99968286518933e-05,0.000281615,hsa-miR-26a-5p,-4.07243516
hsa-mir-138-1_hsa-miR-138-5p,3.730904723,0.194242367,0.302314302,0.642517952,0.520536937,0.615826485,hsa-miR-138-5p,0.040896106
hsa-mir-425_hsa-miR-425-5p,887.2882505,-0.066978737,0.20319262,-0.329631742,0.741678235,0.804878887,hsa-miR-425-5p,-0.00631405
hsa-mir-425_hsa-miR-425-3p,24.1452463,-0.565164159,0.254321258,-2.222245063,0.026266749,0.046233749,hsa-miR-425-3p,-0.754517264
hsa-mir-191_hsa-miR-191-5p,2326.868787,-1.46953682,0.27829882,-5.280427789,1.28882612716456e-07,8.58556481634238e-07,hsa-miR-191-5p,-8.914550004
hsa-mir-4787_hsa-miR-4787-5p,2.139392316,-0.362911025,0.375185894,-0.967283235,0.333402462,0.438794122,hsa-miR-4787-5p,-0.1298275
hsa-let-7g_hsa-let-7g-5p,786.4301927,-0.178168138,0.220417776,-0.808320184,0.418906286,0.517853221,hsa-let-7g-5p,-0.050919263
hsa-mir-15b_hsa-miR-15b-5p,479.8863496,-0.232451991,0.285028496,-0.815539478,0.414763576,0.514592059,hsa-miR-15b-5p,-0.067070981
hsa-mir-15b_hsa-miR-15b-3p,238.3404057,-1.775696633,0.2797511,-6.347416087,2.18961339113237e-10,2.0172395709794e-09,hsa-miR-15b-3p,-15.44011287
hsa-mir-16-2_hsa-miR-16-5p,53366.75648,-3.142890744,0.297123723,-10.57771728,3.78056662063139e-26,3.27397069346678e-24,hsa-miR-16-5p,-73.81055408
hsa-mir-16-2_hsa-miR-16-2-3p,307.5527585,-0.334235897,0.279351504,-1.196470728,0.231512915,0.318238388,hsa-miR-16-2-3p,-0.166197942
hsa-mir-7977_hsa-miR-7977,7.688997203,-1.321928308,0.392503757,-3.367937976,0.000757326,0.001999526,hsa-miR-7977,-3.567980877
hsa-mir-4448_hsa-miR-4448,15.87815211,-2.429561398,0.380617096,-6.383216682,1.73406265517039e-10,1.63228071671474e-09,hsa-miR-4448,-21.34905443
hsa-mir-1224_hsa-miR-1224-5p,22.24164852,-3.21619141,0.410671798,-7.831537074,4.81941186867096e-15,9.07306669188923e-14,hsa-miR-1224-5p,-41.94635922
hsa-mir-28_hsa-miR-28-5p,6.749429932,-0.874709644,0.29292299,-2.986142001,0.002825214,0.006541806,hsa-miR-28-5p,-1.910630314
hsa-mir-28_hsa-miR-28-3p,44.10953911,-0.207501095,0.253821552,-0.817507785,0.413638302,0.514592059,hsa-miR-28-3p,-0.059871727
hsa-mir-378d-1_hsa-miR-378d,6.761206695,0.879826311,0.314474371,2.797767936,0.005145707,0.011252985,hsa-miR-378d,1.714545909
hsa-mir-574_hsa-miR-574-5p,37.38866807,-2.434866213,0.305289379,-7.975600783,1.51641356556769e-15,3.126700351861e-14,hsa-miR-574-5p,-32.88265817
hsa-mir-574_hsa-miR-574-3p,48.57929494,-0.179419749,0.241920389,-0.741647903,0.458300692,0.552769359,hsa-miR-574-3p,-0.046192698
hsa-mir-5096_hsa-miR-5096,3.72297702,-1.26382605,0.351027764,-3.600359228,0.000317778,0.00095554,hsa-miR-5096,-3.816439961
hsa-mir-576_hsa-miR-576-3p,8.060695043,0.490743924,0.252207304,1.945795848,0.051679268,0.083496727,hsa-miR-576-3p,0.529184165
hsa-mir-4454_hsa-miR-4454,20.64219944,-0.407562814,0.329279527,-1.237741129,0.215812064,0.303190719,hsa-miR-4454,-0.211233325
hsa-mir-548t_hsa-miR-548t-3p,3.684260272,-2.144701358,0.33444297,-6.41275659,1.42911605188985e-10,1.40359417939774e-09,hsa-miR-548t-3p,-18.98652305
hsa-mir-887_hsa-miR-887-3p,4.863874104,0.312602982,0.354101962,0.882804998,0.37734164,0.483399201,hsa-miR-887-3p,0.098686908
hsa-mir-579_hsa-miR-579-3p,3.229453866,-0.20518294,0.322321409,-0.636578688,0.524399311,0.618705454,hsa-miR-579-3p,-0.042783937
hsa-mir-579_hsa-miR-579-5p,5.831667554,-1.466771636,0.366470351,-4.002429204,6.26954312156144e-05,0.000228127,hsa-miR-579-5p,-5.341722932
hsa-mir-582_hsa-miR-582-5p,4.445600656,-0.307515902,0.343984723,-0.893981278,0.371331908,0.477111918,hsa-miR-582-5p,-0.098829379
hsa-mir-874_hsa-miR-874-3p,4.488159019,-0.17209448,0.387705606,-0.443879266,0.657129876,0.732809346,hsa-miR-874-3p,-0.023234304
hsa-mir-584_hsa-miR-584-5p,23.09196955,0.597952426,0.243137141,2.459321614,0.013919986,0.026435762,hsa-miR-584-5p,0.94345422
hsa-mir-143_hsa-miR-143-5p,34.05543457,1.036046579,0.282076614,3.672926174,0.000239789,0.000741632,hsa-miR-143-5p,3.242630277
hsa-mir-143_hsa-miR-143-3p,43.37478318,-0.714407459,0.291533436,-2.450516378,0.014265147,0.026929988,hsa-miR-143-3p,-1.121450998
hsa-mir-145_hsa-miR-145-5p,589.6970806,-0.155904263,0.218193269,-0.714523702,0.474903405,0.569620982,hsa-miR-145-5p,-0.038105188
hsa-mir-378a_hsa-miR-378a-5p,22.99893896,0.799879769,0.240258056,3.329252652,0.000870794,0.002271408,hsa-miR-378a-5p,2.114646064
hsa-mir-378a_hsa-miR-378a-3p,1942.527792,-0.003044653,0.260726904,-0.011677558,0.990682869,0.990682869,hsa-miR-378a-3p,-1.24E-05
hsa-mir-1294_hsa-miR-1294,4.715201342,0.259085182,0.285753643,0.906673241,0.364579618,0.473430661,hsa-miR-1294,0.08413626
hsa-mir-146a_hsa-miR-146a-5p,981.3452787,-1.306965804,0.217060959,-6.021192448,1.73136750528156e-09,1.44169640343637e-08,hsa-miR-146a-5p,-10.24808379
hsa-mir-103a-1_hsa-miR-103a-3p,8785.592975,-0.498055279,0.183872859,-2.708693838,0.006754864,0.014267591,hsa-miR-103a-3p,-0.919235402
hsa-mir-103b-1_hsa-miR-103b,16.92896622,0.850912491,0.250821673,3.392499867,0.00069258,0.001851154,hsa-miR-103b,2.325167214
hsa-mir-218-2_hsa-miR-218-5p,2.669658228,-1.18790655,0.324423492,-3.661592273,0.000250653,0.000764314,hsa-miR-218-5p,-3.702381987
hsa-mir-340_hsa-miR-340-5p,5.230475419,-0.505230696,0.330162875,-1.530246841,0.125955641,0.182403989,hsa-miR-340-5p,-0.373348139
hsa-mir-877_hsa-miR-877-5p,9.405798096,-1.783625111,0.361436779,-4.934819074,8.02250931019197e-07,4.23627625769893e-06,hsa-miR-877-5p,-9.58344577
hsa-mir-877_hsa-miR-877-3p,3.333337014,0.286014739,0.316938932,0.902428543,0.366829265,0.474140512,hsa-miR-877-3p,0.092695356
hsa-mir-219a-1_hsa-miR-219a-5p,8.815560308,1.088574549,0.331011346,3.288632129,0.001006755,0.002564265,hsa-miR-219a-5p,2.820537103
hsa-mir-1275_hsa-miR-1275,5.979807562,-1.625026364,0.390145081,-4.165184804,3.11100459929202e-05,0.00012246,hsa-miR-1275,-6.357109858
hsa-mir-206_hsa-miR-206,5.172613057,-1.044147209,0.399453741,-2.613937738,0.008950535,0.018178866,hsa-miR-206,-1.817268489
hsa-mir-133b_hsa-miR-133b,2.288754693,-0.455760562,0.351323907,-1.297266006,0.194539677,0.27528,hsa-miR-133b,-0.255328616
hsa-mir-30c-2_hsa-miR-30c-5p,60.31881467,-0.617589218,0.282734204,-2.184345608,0.028936862,0.049791931,hsa-miR-30c-5p,-0.804620572
hsa-mir-30c-2_hsa-miR-30c-2-3p,6.218028805,0.398906834,0.322674251,1.236252452,0.216364739,0.303190719,hsa-miR-30c-2-3p,0.206747069
hsa-mir-30a_hsa-miR-30a-5p,52.54170187,-0.266409581,0.275073147,-0.968504499,0.332792473,0.438794122,hsa-miR-30a-5p,-0.09530515
hsa-mir-30a_hsa-miR-30a-3p,3.047871102,-0.739153392,0.308539146,-2.39565514,0.016590692,0.030742161,hsa-miR-30a-3p,-1.117796257
hsa-mir-1273c_hsa-miR-1273c,3.406653579,-0.935842154,0.324949392,-2.879962781,0.003977221,0.008845397,hsa-miR-1273c,-1.921548481
hsa-mir-4466_hsa-miR-4466,3.574551079,0.581325998,0.371180359,1.566155064,0.11731232,0.171031092,hsa-miR-4466,0.445833401
hsa-mir-339_hsa-miR-339-5p,310.5990193,0.971118483,0.292558868,3.319395131,0.000902127,0.002339047,hsa-miR-339-5p,2.554974838
hsa-mir-339_hsa-miR-339-3p,27.00318698,-1.091825721,0.312286546,-3.496230418,0.000471881,0.001309772,hsa-miR-339-3p,-3.147519754
hsa-mir-589_hsa-miR-589-5p,5.63393786,1.002969015,0.261057441,3.841947628,0.000122062,0.00040656,hsa-miR-589-5p,3.400942944
hsa-mir-148a_hsa-miR-148a-3p,233.9079878,0.003157531,0.222155656,0.014213147,0.988659931,0.990682869,hsa-miR-148a-3p,1.28364587594829e-05
hsa-mir-196b_hsa-miR-196b-5p,432.8169393,-1.058293368,0.258413061,-4.095355565,4.21520954184586e-05,0.000164431,hsa-miR-196b-5p,-4.004598945
hsa-mir-550a-3_hsa-miR-550a-3p,16.49256924,-0.383671825,0.243811859,-1.573638895,0.115570956,0.169634657,hsa-miR-550a-3p,-0.295613545
hsa-mir-550a-3_hsa-miR-550a-3-5p,3.928076316,-0.816560271,0.345361175,-2.36436615,0.018060952,0.032858792,hsa-miR-550a-3-5p,-1.211243381
hsa-mir-550a-1_hsa-miR-550a-5p,4.382721221,-0.900156076,0.323829136,-2.779725405,0.005440488,0.011662036,hsa-miR-550a-5p,-1.740204774
hsa-mir-550a-1_hsa-miR-550a-3p,15.32365433,-0.199231457,0.222312572,-0.896177195,0.370158134,0.477019261,hsa-miR-550a-3p,-0.064045758
hsa-mir-550a-2_hsa-miR-550a-5p,3.954030411,-0.844233201,0.334186681,-2.526232337,0.011529321,0.022487368,hsa-miR-550a-5p,-1.391348121
hsa-mir-550a-2_hsa-miR-550a-3p,15.87069695,-0.093437012,0.260854332,-0.358196131,0.720196542,0.791485033,hsa-miR-550a-3p,-0.00948921
hsa-mir-590_hsa-miR-590-5p,103.4641481,-0.964897813,0.277544584,-3.476550683,0.000507908,0.001400791,hsa-miR-590-5p,-2.753457984
hsa-mir-590_hsa-miR-590-3p,5.30892878,-1.158071019,0.315285661,-3.673084963,0.00023964,0.000741632,hsa-miR-590-3p,-3.624543746
hsa-mir-1285-1_hsa-miR-1285-3p,12.00210516,-1.973593469,0.330851131,-5.965200908,2.44333218675869e-09,1.95919043864169e-08,hsa-miR-1285-3p,-15.21230718
hsa-mir-489_hsa-miR-489-3p,28.67021501,-1.9510238,0.378425407,-5.155636387,2.52770979388623e-07,1.58622947935179e-06,hsa-miR-489-3p,-11.31522394
hsa-mir-25_hsa-miR-25-3p,234.0623096,-0.390405368,0.254789918,-1.532263798,0.125457351,0.182292057,hsa-miR-25-3p,-0.288600241
hsa-mir-93_hsa-miR-93-5p,1028.170277,0.160499008,0.24117986,0.665474342,0.505747149,0.603274148,hsa-miR-93-5p,0.035227171
hsa-mir-93_hsa-miR-93-3p,46.17402736,-0.084529217,0.269763871,-0.313345209,0.754018406,0.80814349,hsa-miR-93-3p,-0.007819926
hsa-mir-106b_hsa-miR-106b-5p,1602.33363,0.650821844,0.298024992,2.183782774,0.028978214,0.049791931,hsa-miR-106b-5p,0.847917402
hsa-mir-106b_hsa-miR-106b-3p,647.9704564,-0.98690004,0.199431131,-4.948575656,7.47585316816981e-07,3.99635113804633e-06,hsa-miR-106b-3p,-5.327618371
hsa-mir-182_hsa-miR-182-5p,15.8969371,-0.316682336,0.30347976,-1.043503977,0.29671494,0.397763371,hsa-miR-182-5p,-0.126791758
hsa-mir-182_hsa-miR-182-3p,3.586545495,0.896355185,0.32872416,2.726770019,0.00639576,0.013575314,hsa-miR-182-3p,1.673719324
hsa-mir-96_hsa-miR-96-5p,12.84916478,0.440841442,0.232106904,1.899303439,0.057524591,0.090581995,hsa-miR-96-5p,0.459779161
hsa-mir-183_hsa-miR-183-5p,9.47147695,-0.436231986,0.364195748,-1.197795384,0.230996685,0.318238388,hsa-miR-183-5p,-0.216915236
hsa-mir-335_hsa-miR-335-5p,23.24094439,-0.010171399,0.305663706,-0.033276438,0.973454143,0.986072687,hsa-miR-335-5p,-6.20E-05
hsa-mir-29a_hsa-miR-29a-5p,5.426659309,1.159373275,0.270232282,4.29028415,1.78444650969698e-05,7.28929564810181e-05,hsa-miR-29a-5p,4.796691784
hsa-mir-29a_hsa-miR-29a-3p,85.5006743,-0.759444627,0.2872606,-2.643747963,0.008199368,0.016906317,hsa-miR-29a-3p,-1.345698664
hsa-mir-29b-1_hsa-miR-29b-3p,78.54927176,0.841359842,0.20971882,4.01184712,6.02455113370096e-05,0.00022107,hsa-miR-29b-3p,3.075565172
hsa-mir-671_hsa-miR-671-5p,82.66186141,-1.352954013,0.35745131,-3.785002256,0.000153707,0.000496681,hsa-miR-671-5p,-4.470055523
hsa-mir-671_hsa-miR-671-3p,2.638338714,0.098052566,0.308952854,0.317370643,0.75096238,0.807167813,hsa-miR-671-3p,0.009122435
hsa-mir-124-1_hsa-miR-124-3p,9.451373959,1.065301569,0.288722791,3.68970376,0.000224515,0.0007096,hsa-miR-124-3p,3.354620416
hsa-mir-4286_hsa-miR-4286,331.9494727,-0.049470927,0.252122481,-0.196217833,0.844439671,0.887481499,hsa-miR-4286,-0.002564607
hsa-mir-320a_hsa-miR-320a,8049.872381,-1.614206126,0.317034404,-5.091580307,3.55091413934304e-07,2.1062271538843e-06,hsa-miR-320a,-9.163032666
hsa-mir-3622a_hsa-miR-3622a-3p,5.541061576,-0.228279174,0.426514539,-0.535220145,0.592497637,0.673363457,hsa-miR-3622a-3p,-0.039207052
hsa-mir-486_hsa-miR-486-5p,3632.465209,-1.429639295,0.235309486,-6.075570188,1.23547925057944e-09,1.07294362353698e-08,hsa-miR-486-5p,-11.39340042
hsa-mir-486_hsa-miR-486-3p,86.57608184,-3.271366721,0.374820585,-8.727820332,2.59627667321579e-18,9.3682316625203e-17,hsa-miR-486-3p,-52.43458585
hsa-mir-486-2_hsa-miR-486-5p,3666.829404,-1.439706905,0.236984183,-6.075118114,1.23896492325286e-09,1.07294362353698e-08,hsa-miR-486-5p,-11.47363347
hsa-mir-486-2_hsa-miR-486-3p,77.75497235,-3.346461591,0.379087899,-8.827666615,1.06882083340507e-18,4.20726746240358e-17,hsa-miR-486-3p,-54.80165461
hsa-mir-4469_hsa-miR-4469,3.836134761,1.039087696,0.374531912,2.774363576,0.005530983,0.011797613,hsa-miR-4469,2.003574969
hsa-mir-124-2_hsa-miR-124-3p,8.9000786,0.867083048,0.297528378,2.914286875,0.003565021,0.008039866,hsa-miR-124-3p,1.81632325
hsa-mir-378d-2_hsa-miR-378d,6.280015106,0.828157393,0.318412574,2.600894126,0.009298114,0.01872597,hsa-miR-378d,1.430688003
hsa-mir-548aa-1_hsa-miR-548aa,3.632012312,-2.22145099,0.315652184,-7.037654434,1.95502803731853e-12,2.73073271019008e-11,hsa-miR-548aa,-23.46678805
hsa-mir-548d-1_hsa-miR-548d-5p,3.47974104,-0.616029258,0.260733279,-2.362679825,0.018143337,0.032870564,hsa-miR-548d-5p,-0.913690186
hsa-mir-30b_hsa-miR-30b-5p,60.08033981,-0.201389427,0.325843683,-0.618055336,0.536538862,0.624441036,hsa-miR-30b-5p,-0.041185863
hsa-mir-30d_hsa-miR-30d-5p,297.3661695,0.662592106,0.253609759,2.612644359,0.008984474,0.018178866,hsa-miR-30d-5p,1.153197313
hsa-mir-151a_hsa-miR-151a-5p,171.9780484,-0.874739313,0.266643234,-3.280560698,0.00103601,0.002608094,hsa-miR-151a-5p,-2.260043606
hsa-mir-151a_hsa-miR-151a-3p,131.9981405,-3.170882675,0.336016761,-9.436680077,3.84777655779438e-21,1.85120805502774e-19,hsa-miR-151a-3p,-59.39870167
hsa-mir-939_hsa-miR-939-5p,7.588128576,-1.422729739,0.38657394,-3.68035605,0.000232909,0.000730793,hsa-miR-939-5p,-4.461973299
hsa-mir-101-2_hsa-miR-101-3p,469.7695601,0.248189801,0.31963739,0.776472992,0.437469762,0.536476513,hsa-miR-101-3p,0.067122755
hsa-mir-491_hsa-miR-491-5p,12.86457806,-2.038239121,0.37524948,-5.431690727,5.58226089161918e-08,4.02853161011851e-07,hsa-miR-491-5p,-13.03424002
hsa-mir-873_hsa-miR-873-5p,4.19658486,0.659697887,0.320055801,2.06119647,0.0392843,0.065676069,hsa-miR-873-5p,0.780154002
hsa-mir-204_hsa-miR-204-5p,5.902385472,-0.799202587,0.304103586,-2.628060383,0.008587327,0.017539211,hsa-miR-204-5p,-1.403391718
hsa-mir-204_hsa-miR-204-3p,6.461776694,-0.745694266,0.392621509,-1.899270034,0.057528981,0.090581995,hsa-miR-204-3p,-0.777727889
hsa-mir-7-1_hsa-miR-7-5p,260.9643131,1.113878731,0.220371819,5.054542521,4.31423635670412e-07,2.45797939796432e-06,hsa-miR-7-5p,6.248215591
hsa-mir-4289_hsa-miR-4289,3.079170374,-0.332579825,0.38082492,-0.873314239,0.382491821,0.485686096,hsa-miR-4289,-0.104311776
hsa-let-7a-1_hsa-let-7a-5p,97.62224126,-1.148357293,0.283284678,-4.053721865,5.04091460978753e-05,0.000186557,hsa-let-7a-5p,-4.282440956
hsa-let-7f-1_hsa-let-7f-5p,45.25933294,-1.036937155,0.39993815,-2.592743791,0.009521367,0.019086815,hsa-let-7f-5p,-1.782771354
hsa-let-7f-1_hsa-let-7f-1-3p,4.84409902,-0.339626348,0.322660911,-1.052579773,0.292533632,0.393375971,hsa-let-7f-1-3p,-0.137613938
hsa-let-7d_hsa-let-7d-5p,197.6569662,-1.92415032,0.379397809,-5.071590488,3.94504601991542e-07,2.27760656883117e-06,hsa-let-7d-5p,-10.85705915
hsa-let-7d_hsa-let-7d-3p,42.77499912,0.090117343,0.278755501,0.323284537,0.746479763,0.806049221,hsa-let-7d-3p,0.008438447
hsa-mir-2278_hsa-miR-2278,9.43501365,-2.068181696,0.391233185,-5.286314602,1.24805181308558e-07,8.4438505479071e-07,hsa-miR-2278,-12.56101769
hsa-mir-23b_hsa-miR-23b-3p,198.2007344,-0.765415087,0.206799053,-3.701250449,0.00021454,0.000683056,hsa-miR-23b-3p,-2.422954805
hsa-mir-27b_hsa-miR-27b-3p,46.08207472,-1.113441453,0.312530695,-3.562662714,0.000367112,0.001059731,hsa-miR-27b-3p,-3.312270665
hsa-mir-24-1_hsa-miR-24-3p,435.9797634,-0.352385706,0.167882925,-2.098996698,0.035817192,0.060111799,hsa-miR-24-3p,-0.43027714
hsa-mir-32_hsa-miR-32-5p,7.218038886,-1.135688388,0.374820691,-3.029951162,0.002445933,0.005787371,hsa-miR-32-5p,-2.54112396
hsa-mir-455_hsa-miR-455-3p,4.508832104,-1.540096024,0.367488351,-4.19087032,2.77886460630055e-05,0.00011039,hsa-miR-455-3p,-6.094269645
hsa-mir-181a-2_hsa-miR-181a-5p,121.228786,-0.005191307,0.18194882,-0.028531686,0.977238097,0.986072687,hsa-miR-181a-5p,-3.16E-05
hsa-mir-181a-2_hsa-miR-181a-2-3p,9.627824301,0.17122383,0.277539533,0.616934921,0.537277652,0.624441036,hsa-miR-181a-2-3p,0.03501674
hsa-mir-181b-2_hsa-miR-181b-5p,20.12159944,-0.618637781,0.202780071,-3.050781954,0.002282463,0.005460256,hsa-miR-181b-5p,-1.399845529
hsa-mir-3960_hsa-miR-3960,63.6641223,-1.391765706,0.357502938,-3.893018933,9.90044225105546e-05,0.000345717,hsa-miR-3960,-4.817289682
hsa-mir-199b_hsa-miR-199b-5p,10.99126102,-0.683582429,0.357994689,-1.909476454,0.056200656,0.08913877,hsa-miR-199b-5p,-0.717715999
hsa-mir-199b_hsa-miR-199b-3p,11.40977856,-0.670210472,0.283393361,-2.364947681,0.018032618,0.032858792,hsa-miR-199b-3p,-0.994155639
hsa-mir-219a-2_hsa-miR-219a-5p,9.336398911,1.204276812,0.338700423,3.555581067,0.000377145,0.001081481,hsa-miR-219a-5p,3.571862293
hsa-mir-219b_hsa-miR-219b-3p,28.68559729,0.984819688,0.34061536,2.891295588,0.003836571,0.008607436,hsa-miR-219b-3p,2.033776931
hsa-mir-126_hsa-miR-126-5p,409.6354019,-0.263254136,0.339874029,-0.774563848,0.438597426,0.536476513,hsa-miR-126-5p,-0.071196893
hsa-mir-126_hsa-miR-126-3p,998.2244063,-1.911822794,0.283826929,-6.735875268,1.6294602775774e-11,1.85672710576583e-10,hsa-miR-126-3p,-18.60442924
hsa-mir-6089-1_hsa-miR-6089,9.675014731,-2.993346653,0.392718815,-7.622111653,2.4955902161546e-14,4.32236225437977e-13,hsa-miR-6089,-37.01057268
hsa-mir-221_hsa-miR-221-3p,2054.81984,-0.908371853,0.183062351,-4.96208996,6.97386798846046e-07,3.82238587215618e-06,hsa-miR-221-3p,-4.921254823
hsa-mir-222_hsa-miR-222-3p,399.0990118,-0.376472133,0.195373966,-1.926930905,0.053988241,0.086261655,hsa-miR-222-3p,-0.400634948
hsa-mir-532_hsa-miR-532-5p,25.4626488,-0.478694121,0.237510599,-2.015464245,0.043856029,0.071930532,hsa-miR-532-5p,-0.547188896
hsa-mir-532_hsa-miR-532-3p,12.32326323,0.434083136,0.213469179,2.033469832,0.042005078,0.069420607,hsa-miR-532-3p,0.502890346
hsa-mir-188_hsa-miR-188-5p,16.66603716,-0.624719802,0.289658652,-2.156744835,0.031025552,0.052890015,hsa-miR-188-5p,-0.797533735
hsa-mir-500a_hsa-miR-500a-3p,29.15602458,-1.040953875,0.274091395,-3.79783493,0.000145965,0.000475211,hsa-miR-500a-3p,-3.459207987
hsa-mir-362_hsa-miR-362-5p,5.492091215,0.06946993,0.339442999,0.204658604,0.837838865,0.882686688,hsa-miR-362-5p,0.003764813
hsa-mir-362_hsa-miR-362-3p,3.960487984,-0.275392036,0.28973121,-0.950508704,0.341853834,0.447198519,hsa-miR-362-3p,-0.096249418
hsa-mir-501_hsa-miR-501-5p,6.1874208,-0.19395376,0.32944054,-0.588736774,0.556037865,0.642038388,hsa-miR-501-5p,-0.037324268
hsa-mir-501_hsa-miR-501-3p,24.05295411,-0.141989332,0.260514723,-0.545033808,0.585730266,0.672735292,hsa-miR-501-3p,-0.024444285
hsa-mir-660_hsa-miR-660-5p,106.5518836,0.512433245,0.350593354,1.461617109,0.143846163,0.206243009,hsa-miR-660-5p,0.351334873
hsa-mir-660_hsa-miR-660-3p,11.76393727,0.033836299,0.311019625,0.108791525,0.913367846,0.938325122,hsa-miR-660-3p,0.000935461
hsa-mir-502_hsa-miR-502-3p,23.54616736,-1.031977009,0.268275214,-3.84671022,0.000119714,0.000401832,hsa-miR-502-3p,-3.504547848
hsa-mir-98_hsa-miR-98-5p,6.562304362,-1.478879603,0.362606447,-4.078470243,4.53330031963427e-05,0.000170689,hsa-miR-98-5p,-5.572115844
hsa-let-7f-2_hsa-let-7f-5p,43.95692073,-1.053358179,0.390651636,-2.696413071,0.007009069,0.014732655,hsa-let-7f-5p,-1.929456183
hsa-mir-223_hsa-miR-223-5p,28.34420412,-1.341806618,0.336591546,-3.986453716,6.70682034951092e-05,0.000242004,hsa-miR-223-5p,-4.852209797
hsa-mir-223_hsa-miR-223-3p,17261.11208,-0.649879987,0.300928693,-2.159581331,0.030805095,0.052721763,hsa-miR-223-3p,-0.830553169
hsa-mir-421_hsa-miR-421,48.78157332,-3.890357165,0.454671969,-8.556404242,1.16442474876117e-17,3.60139940152561e-16,hsa-miR-421,-60.08084258
hsa-mir-374b_hsa-miR-374b-5p,10.79933005,-0.680851043,0.406816721,-1.673606341,0.094207992,0.141069106,hsa-miR-374b-5p,-0.579110169
hsa-mir-545_hsa-miR-545-3p,10.15731547,0.681356287,0.295566825,2.30525292,0.021152413,0.037536863,hsa-miR-545-3p,0.971302017
hsa-mir-361_hsa-miR-361-5p,7.217764762,-0.094286124,0.290049979,-0.325068544,0.745129196,0.806049221,hsa-miR-361-5p,-0.008828805
hsa-mir-361_hsa-miR-361-3p,53.30415671,0.59256754,0.232691003,2.546585526,0.010878255,0.021313504,hsa-miR-361-3p,0.990384877
hsa-mir-6087_hsa-miR-6087,86.10702391,-0.30448357,0.310129142,-0.981796061,0.326200329,0.431941109,hsa-miR-6087,-0.111007238
hsa-mir-652_hsa-miR-652-3p,365.793808,-1.847546049,0.284252733,-6.499659752,8.05018747088412e-11,8.50178335339714e-10,hsa-miR-652-3p,-16.75814789
hsa-mir-652_hsa-miR-652-5p,13.79410374,0.215322335,0.262497245,0.82028417,0.412054128,0.514592059,hsa-miR-652-5p,0.062128443
hsa-mir-766_hsa-miR-766-3p,32.5984671,-0.926389783,0.327482426,-2.828822891,0.004671955,0.010321206,hsa-miR-766-3p,-1.84005983
hsa-mir-363_hsa-miR-363-3p,199.5807708,0.71973425,0.234072831,3.074830377,0.002106223,0.005123565,hsa-miR-363-3p,1.648499297
hsa-mir-92a-2_hsa-miR-92a-3p,212.0650315,0.415602837,0.280394136,1.482209444,0.138284575,0.198927644,hsa-miR-92a-3p,0.29146429
hsa-mir-19b-2_hsa-miR-19b-3p,8027.831079,1.474634345,0.292447775,5.042385246,4.59764477719605e-07,2.58542881626739e-06,hsa-miR-19b-3p,8.239471351
hsa-mir-20b_hsa-miR-20b-5p,263.1509834,0.260020322,0.295428573,0.880146151,0.37878014,0.483810622,hsa-miR-20b-5p,0.081990804
hsa-mir-18b_hsa-miR-18b-5p,56.10462564,0.345887249,0.286136952,1.208817128,0.22673311,0.314664861,hsa-miR-18b-5p,0.173687888
hsa-mir-106a_hsa-miR-106a-5p,555.8375222,0.493428382,0.267276263,1.846136189,0.064872433,0.100320584,hsa-miR-106a-5p,0.49274249
hsa-mir-106a_hsa-miR-106a-3p,3.925666631,-0.265794347,0.302759006,-0.877907316,0.379994019,0.483933559,hsa-miR-106a-3p,-0.083782168
hsa-mir-542_hsa-miR-542-5p,3.662890324,-0.173262051,0.322207869,-0.537733768,0.590760863,0.673363457,hsa-miR-542-5p,-0.029757836
hsa-mir-542_hsa-miR-542-3p,7.699347882,-0.795390691,0.301354124,-2.639388773,0.008305567,0.017044126,hsa-miR-542-3p,-1.406588989
hsa-mir-503_hsa-miR-503-5p,5.7477552,-0.559835995,0.306973056,-1.823730076,0.06819289,0.104707522,hsa-miR-503-5p,-0.548651657
hsa-mir-424_hsa-miR-424-5p,49.96223667,-0.95627608,0.268103644,-3.566814936,0.000361346,0.001050087,hsa-miR-424-5p,-2.848530847
hsa-mir-424_hsa-miR-424-3p,7.143178519,-0.51905668,0.323137979,-1.606300446,0.108207912,0.15983382,hsa-miR-424-3p,-0.413341092
hsa-mir-505_hsa-miR-505-5p,6.334667825,-2.007815701,0.388954007,-5.162090288,2.44207445737984e-07,1.55502682359628e-06,hsa-miR-505-5p,-11.66191987
hsa-mir-505_hsa-miR-505-3p,77.72434744,0.459583888,0.197466033,2.327407299,0.019943598,0.035832273,hsa-miR-505-3p,0.664432211
hsa-mir-320d-2_hsa-miR-320d,28.06155591,-2.497682099,0.331231061,-7.540603508,4.67801419584912e-14,7.79069287231796e-13,hsa-miR-320d,-30.24299366
hsa-mir-452_hsa-miR-452-5p,20.41989953,-0.060230774,0.338506169,-0.177931097,0.858777088,0.896025251,hsa-miR-452-5p,-0.002871788